"No.","Quantity","Comment","Designator","Footprint","Value","Manufacturer Part","Manufacturer","Supplier Part","Supplier"
"1","2","100nF","C1,C2","C0603","100nF","CC0603KRX7R9BB104","YAGEO(国巨)","C14663","LCSC"
"2","2","PZ254V-11-08P","H1,H2","HDR-TH_8P-P2.54-V-M","","PZ254V-11-08P","XFCN(兴飞)","C492407","LCSC"
"3","1","F.0402.00001/P2-0402G1TS2-045T-001","LED1","LED0402-R-RD_GREEN","","F.0402.00001/P2-0402G1TS2-045T-001","TUOZHAN(拓展光电)","C7496801","LCSC"
"4","1","1kΩ","R5","R0402","1kΩ","0402WGF1001TCE","UNI-ROYAL(厚声)","C11702","LCSC"
"5","1","120","R6","R0603","120","","","",""
"6","1","ATTINY1616-MNR","U4","QFN-20_L3.0-W3.0-P0.40-BL-EP1.7","","ATTINY1616-MNR","MICROCHIP(美国微芯)","C507118","LCSC"
"7","2","SM04B-SRSS-TB(LF)(SN)","U6,U11","CONN-SMD_4P-P1.00_SM04B-SRSS-TB-LF-SN","","SM04B-SRSS-TB(LF)(SN)","JST","C160404","LCSC"
"8","1","SM03B-SRSS-TB(LF)(SN)","U9","CONN-SMD_SM03B-SRSS-TB-LF-SN-P","","SM03B-SRSS-TB(LF)(SN)","JST","C160403","LCSC"
"9","1","H485EIDQ/TR","U10","DFN-8_L3.0-W3.0-P0.65-BL-EP2.2","","H485EIDQ/TR","HGSEMI(华冠)","C46552321","LCSC"
